week,Aeropuertos y vuelos,Ley y crimen,La pandemia del COVID-19 y su impacto,La industria petrolera,Economía,Tren Maya,Salud y medicina,Reformas políticas,Fronteras e inmigración,Energía y minería,COVID-19 y su vacunación,Problemas sociales y justicia penal,Deportes y turismo,Relaciones políticas entre México y Perú
2018-12-03,0.028691135,0.015210899,0.015709843,0.14539829,0.27618992,0.032176454,0.017540518,0.1970064,0.010322289,0.026353922,0.1389228,0.044396613,0.03334327,0.018737663
2018-12-10,0.52571577,0.041976534,0.02396521,0.09624585,0.03049181,0.014789987,0.009364725,0.036886595,0.005133545,0.053384546,0.10116242,0.039851837,0.020649482,0.0003816968
2018-12-24,0.025931297,0.011382086,0.01763837,0.5789707,0.033274893,0.032946188,0.0101125315,0.07140364,0.008078056,0.011284477,0.07605957,0.06245969,0.031380054,0.029078515
2018-12-31,0.017002357,0.021353696,0.031590603,0.18279754,0.08995093,0.03874012,0.015976034,0.078147486,0.015552974,0.01637104,0.11678094,0.3297403,0.031035898,0.01496013
2019-01-07,0.030685605,0.021269957,0.020566145,0.57479745,0.060564842,0.027769608,0.015156177,0.061348356,0.01420601,0.02333561,0.06318048,0.04234992,0.023753924,0.021015905
2019-01-14,0.03795684,0.012540826,0.031839497,0.58931196,0.046833526,0.02451656,0.018338235,0.06858971,0.012473351,0.029753434,0.045468196,0.043791413,0.024312945,0.0142735
2019-01-21,0.028709013,0.024777291,0.052441113,0.48473668,0.04466954,0.033281494,0.020177908,0.059588194,0.022736376,0.03736492,0.07062578,0.076870106,0.028457858,0.015563724
2019-01-28,0.023068849,0.021776482,0.08401706,0.3963707,0.051192924,0.035715677,0.014403675,0.09809359,0.021070218,0.039075896,0.0832697,0.06595,0.039131474,0.026863733
2019-02-04,0.033444114,0.013584017,0.23298725,0.10393089,0.0891072,0.046819903,0.04474771,0.10503719,0.021121753,0.05170432,0.085677326,0.06372395,0.087099075,0.021015313
2019-02-11,0.022409817,0.012296438,0.044590913,0.16618039,0.07999003,0.051356353,0.035752065,0.07670998,0.021571934,0.27834317,0.06682265,0.06604183,0.05154963,0.02638478
2019-02-18,0.021492489,0.029602906,0.0463693,0.15549625,0.058022395,0.06599385,0.03636141,0.08547168,0.017918158,0.05202973,0.07546887,0.27031827,0.06914785,0.016306872
2019-02-25,0.037581243,0.019133708,0.06946042,0.07619238,0.31969488,0.03621148,0.025585271,0.11289715,0.038666967,0.029453063,0.09579902,0.05072202,0.048737448,0.03986494
2019-03-04,0.033115584,0.025625141,0.26840234,0.10493325,0.081835136,0.036252532,0.015519215,0.09407222,0.0162438,0.04788064,0.17601983,0.027486894,0.0552954,0.017318057
2019-03-11,0.043912284,0.026353175,0.028495874,0.16061075,0.066734456,0.054850504,0.03589601,0.29239637,0.021536456,0.012651866,0.10282839,0.05420537,0.068959355,0.030569097
2019-03-18,0.032046314,0.016425436,0.060049094,0.29298556,0.08298272,0.02754993,0.02527791,0.13726832,0.021546936,0.041060455,0.12779386,0.04620628,0.050211802,0.03859542
2019-03-25,0.022132484,0.02331923,0.04382092,0.14564231,0.079839796,0.050507456,0.023711786,0.103978336,0.049418323,0.032253586,0.1064171,0.07240989,0.03883127,0.20771755
2019-04-01,0.031120148,0.02078005,0.06010314,0.10701268,0.085050106,0.043340154,0.034221277,0.09740828,0.030184058,0.039686803,0.12783201,0.025896493,0.283376,0.0139887715
2019-04-08,0.03015415,0.019900111,0.05810895,0.16296224,0.09940172,0.028962528,0.036309708,0.09267324,0.019996956,0.046217356,0.10357296,0.06435323,0.04383586,0.19355097
2019-04-15,0.037253607,0.021174755,0.040214315,0.15393578,0.050155006,0.023920504,0.033322025,0.081851326,0.02398311,0.03931222,0.073907845,0.37262523,0.036198266,0.01214601
2019-04-22,0.050649744,0.02090412,0.0600304,0.19020152,0.07813517,0.03219932,0.027680086,0.0914832,0.062055197,0.023090005,0.088881046,0.057760805,0.20125704,0.015672313
2019-04-29,0.033537712,0.023714375,0.05495251,0.12167973,0.08990556,0.044683356,0.02282694,0.2956107,0.01954647,0.030412197,0.1302381,0.04196862,0.0708464,0.020077365
2019-05-06,0.026769672,0.025964204,0.051706854,0.38586947,0.06760837,0.036450148,0.020508576,0.13569619,0.03085723,0.02486398,0.087183185,0.041824833,0.03987141,0.024825864
2019-05-13,0.033319395,0.030102666,0.07052225,0.1480881,0.06736887,0.046739172,0.04099242,0.106876664,0.017405177,0.024510697,0.110618845,0.22557671,0.06448428,0.013394735
2019-05-20,0.02518291,0.020835755,0.07081884,0.117110476,0.07977224,0.041800816,0.054415464,0.09166067,0.039576404,0.036127493,0.2949708,0.04404432,0.057134625,0.026549196
2019-05-27,0.041557238,0.033874497,0.069155365,0.11987941,0.09253669,0.040659484,0.06662218,0.121503994,0.05599064,0.02930477,0.24302241,0.026451472,0.04204516,0.017396713
2019-06-03,0.022913076,0.037733655,0.26167032,0.092157654,0.06724989,0.031483885,0.03225857,0.08829256,0.10542586,0.04232857,0.12636738,0.04636124,0.031888906,0.013868465
2019-06-10,0.02603973,0.022566775,0.04675977,0.047540776,0.08263163,0.023655007,0.011253685,0.07358154,0.46464533,0.0103654945,0.08191677,0.03524401,0.04284797,0.030951556
2019-06-17,0.026638439,0.031181492,0.07750927,0.067511566,0.06586528,0.03821996,0.034710195,0.11805797,0.21710818,0.030153919,0.13371754,0.037673578,0.08289547,0.038757134
2019-06-24,0.032484215,0.03343915,0.04486205,0.12838976,0.06596055,0.06673819,0.031190623,0.10897933,0.06624219,0.029032608,0.118566975,0.052687358,0.19914106,0.022285938
2019-07-01,0.026882757,0.33319438,0.03895197,0.10886912,0.037220772,0.026098128,0.021020582,0.081531465,0.058447175,0.033899795,0.12524614,0.03938272,0.033697575,0.035557453
2019-07-08,0.024940975,0.029399965,0.3726608,0.04134416,0.07554135,0.038847808,0.021251844,0.18473911,0.024297712,0.019805826,0.08030245,0.031166174,0.03466503,0.021036822
2019-07-15,0.01774264,0.027253382,0.27191722,0.101405144,0.09547403,0.04421944,0.030926041,0.09909161,0.037677374,0.02695561,0.115293,0.038802624,0.06821349,0.025028381
2019-07-22,0.03474194,0.025337067,0.06858211,0.14182146,0.06453824,0.028046025,0.029162502,0.10213354,0.0757191,0.060493406,0.1196515,0.04017634,0.06944872,0.14014809
2019-07-29,0.027214758,0.029359302,0.070459746,0.11727624,0.055967655,0.054803997,0.01965221,0.14586562,0.05175957,0.03221235,0.08589345,0.04774024,0.22927889,0.032515984
2019-08-05,0.02338523,0.028856635,0.07360145,0.0947613,0.043648124,0.0297067,0.026783785,0.06586604,0.04081385,0.026164016,0.06252462,0.41775292,0.057676043,0.008459314
2019-08-12,0.0313098,0.0332014,0.06180123,0.104886666,0.0676372,0.060867805,0.023546098,0.099494055,0.049826037,0.037069574,0.08961528,0.059458297,0.25625515,0.025031442
2019-08-19,0.02752924,0.021914903,0.038292546,0.32098413,0.06913864,0.03189835,0.031172007,0.11836869,0.03173582,0.045157947,0.09765314,0.06292229,0.077704646,0.025527671
2019-08-26,0.031421777,0.024786294,0.06609929,0.10145616,0.091498815,0.047254514,0.025445288,0.098040454,0.03574589,0.040224396,0.083856486,0.2626637,0.06857113,0.022935808
2019-09-02,0.026277907,0.02153233,0.06177931,0.08848035,0.070253894,0.043568775,0.030489411,0.1261719,0.09653063,0.03670258,0.13956697,0.16030319,0.06120308,0.03713967
2019-09-09,0.031707942,0.029971574,0.24739034,0.08213282,0.09419736,0.046478335,0.026279876,0.10895914,0.054215327,0.030469533,0.09940368,0.06660709,0.053496245,0.028690703
2019-09-16,0.037515804,0.019760896,0.071849175,0.112502694,0.061008114,0.07555483,0.0411488,0.122159526,0.014340037,0.019708695,0.32906005,0.030891908,0.043091364,0.021408083
2019-09-23,0.032800168,0.026465664,0.07951066,0.11256378,0.05905499,0.042131018,0.052702025,0.3046299,0.020181578,0.044916123,0.11519856,0.036167577,0.05530789,0.018370112
2019-09-30,0.03195869,0.045944225,0.085457444,0.10010954,0.06551417,0.03713212,0.037022285,0.2921141,0.026794342,0.029876107,0.1251524,0.052535333,0.049640585,0.020748679
2019-10-07,0.04821675,0.026499894,0.07077581,0.10451661,0.09516871,0.033411246,0.027888983,0.122828655,0.03275916,0.011183716,0.29268947,0.02410222,0.09949958,0.0104592
2019-10-14,0.017130887,0.055954378,0.046730995,0.09108085,0.081864744,0.067015044,0.023187753,0.29273248,0.019313067,0.027416151,0.13177077,0.052949294,0.076416716,0.01643685
2019-10-21,0.033261675,0.028637448,0.048114605,0.074847244,0.09088928,0.19017418,0.061360545,0.14130314,0.036263503,0.03073082,0.15128121,0.03912797,0.04723537,0.026773034
2019-10-28,0.032098986,0.040460683,0.040783003,0.09689142,0.07825645,0.24738261,0.032930333,0.13405561,0.026166832,0.026734525,0.10023233,0.046779517,0.072856955,0.024370743
2019-11-11,0.037525762,0.041717116,0.055597827,0.06269333,0.079655476,0.063919194,0.018328786,0.13485749,0.031015888,0.02252713,0.103477605,0.038985953,0.04574398,0.26395443
2019-11-18,0.04661867,0.16579863,0.048992075,0.08381626,0.12426613,0.041475635,0.02365359,0.1472962,0.02469808,0.022580888,0.107645236,0.048684772,0.0644764,0.049997427
2019-11-25,0.026020521,0.037385613,0.060925018,0.07913729,0.31152397,0.030408414,0.019992534,0.13522334,0.044427585,0.041940853,0.08364775,0.04404331,0.058727756,0.026596026
2019-12-02,0.019729238,0.022976141,0.053972777,0.09068576,0.4671421,0.02766468,0.00866054,0.11150097,0.02842007,0.029314784,0.07057638,0.03592372,0.018453056,0.014979786
2019-12-09,0.014959416,0.026277246,0.05174001,0.07878652,0.33414632,0.039507337,0.028873669,0.11761972,0.012771412,0.07159378,0.1270493,0.031820223,0.052192688,0.012662335
2019-12-16,0.015048005,0.03264937,0.06891616,0.071432196,0.092062786,0.08270166,0.03505961,0.14342919,0.031167386,0.052153587,0.26953292,0.04850875,0.03820843,0.019129995
2019-12-23,0.02785775,0.21436639,0.055039655,0.054567665,0.09621243,0.034339346,0.03948623,0.076410025,0.05494738,0.036425885,0.10859156,0.048136484,0.044251475,0.109367736
2019-12-30,0.021091416,0.024912518,0.042392366,0.30224222,0.07822559,0.03184145,0.035102375,0.111631006,0.016396781,0.02745773,0.18507661,0.0595271,0.03422634,0.029876452
2020-01-06,0.01307136,0.12811011,0.0071908007,0.018260749,0.0485921,0.023129417,0.14415704,0.08129069,0.12476304,0.03792736,0.23443155,0.034210782,0.055585194,0.049279787
2020-01-13,0.021672295,0.023807596,0.05560781,0.111523755,0.10097932,0.06178668,0.2533967,0.10325185,0.021831965,0.026227813,0.11601317,0.045119695,0.042743836,0.016037524
2020-01-20,0.020668838,0.030583678,0.057337392,0.08181587,0.056296144,0.05989325,0.3343216,0.09000701,0.027039085,0.018129233,0.1242271,0.05386747,0.029653253,0.016160084
2020-01-27,0.023816992,0.031973388,0.077618025,0.08969472,0.08111166,0.03931333,0.24112032,0.095140435,0.038095895,0.062327333,0.12265411,0.04500992,0.038480558,0.013643318
2020-02-03,0.0065069697,0.0720127,0.04831251,0.16912204,0.038675293,0.007389428,0.0061820187,0.017209977,0.40337822,0.06539616,0.052134003,0.010255502,0.10287368,0.00055150513
2020-02-10,0.017552137,0.04063245,0.058613427,0.07167911,0.09308541,0.032540467,0.073449165,0.1187032,0.050852846,0.03265396,0.12238413,0.036494825,0.06198655,0.18937232
2020-02-17,0.024124058,0.027413636,0.04975338,0.101551875,0.07375227,0.034824997,0.0721569,0.12367548,0.026944483,0.16076423,0.16027528,0.05491275,0.063129164,0.026721478
2020-02-24,0.03024097,0.023725923,0.07514919,0.068164684,0.106859624,0.036467843,0.25166517,0.09728013,0.025784338,0.03183771,0.13814297,0.044786114,0.051834814,0.018060463
2020-03-02,0.027592132,0.025391614,0.17793697,0.0685983,0.16963924,0.038337767,0.12918495,0.091736205,0.017974626,0.019335253,0.13082606,0.03674344,0.04528445,0.021418964
2020-03-09,0.033075426,0.02113508,0.3595351,0.070287555,0.07177688,0.041789707,0.08085444,0.07837151,0.022494256,0.029129937,0.1312983,0.019512944,0.02660312,0.014135719
2020-03-16,0.09572971,0.019853655,0.18170421,0.072532386,0.09011679,0.079775326,0.051710185,0.06564098,0.03574485,0.031724803,0.12576668,0.03427476,0.097336374,0.018089313
2020-03-23,0.0612914,0.025454301,0.10162856,0.096717216,0.09561449,0.052649688,0.045304865,0.11347598,0.1250103,0.026311833,0.15042585,0.051459815,0.034652945,0.020002807
2020-03-30,0.31885165,0.01149008,0.08000964,0.08366365,0.07889468,0.028148273,0.024923993,0.11317734,0.03497706,0.025492104,0.10269668,0.04594479,0.032377657,0.019352425
2020-04-06,0.024763448,0.0033131742,0.10077866,0.16858816,0.08660743,0.0005352374,0.0001331745,0.09007809,0.00012110609,0.01351139,0.096305765,0.0055740504,0.39884847,0.010841835
2020-04-13,0.041497894,0.012948526,0.30915052,0.08718968,0.100053765,0.029515587,0.052795224,0.07880421,0.023185968,0.01654256,0.16569869,0.029610472,0.034988202,0.018018639
2020-04-20,0.05248964,0.017348628,0.07252042,0.08932623,0.24957666,0.043916922,0.035985976,0.115479074,0.028852412,0.027687555,0.16130064,0.037968013,0.04750155,0.020046247
2020-04-27,0.048270486,0.017374234,0.11931154,0.07161011,0.11362587,0.033756632,0.09811697,0.16320664,0.016713437,0.022219835,0.19924131,0.041034468,0.033436008,0.02208249
2020-05-11,0.0375122,0.015053489,0.08126166,0.107656,0.12359133,0.03374339,0.05921085,0.10519218,0.015557384,0.018798282,0.32459474,0.031700198,0.0292649,0.016863428
2020-05-18,0.04866198,0.017726691,0.06698144,0.08889129,0.19155501,0.0590268,0.03265393,0.16205822,0.020508517,0.029346483,0.16959383,0.045570947,0.045407336,0.022017496
2020-05-25,0.046970308,0.020840801,0.076392755,0.10070588,0.1088651,0.058112476,0.05398653,0.08871035,0.022218147,0.034080185,0.29320943,0.041746687,0.04126883,0.012892476
2020-06-01,0.02900662,0.011116192,0.073693156,0.07236063,0.08077016,0.2688064,0.032390095,0.078006,0.016915414,0.031189522,0.2040319,0.03804059,0.049019083,0.014654235
2020-06-08,0.23282926,0.021444011,0.06601642,0.083035596,0.069827855,0.037074886,0.016515164,0.102834,0.016551469,0.04314186,0.21059558,0.050595317,0.03611836,0.013420262
2020-06-15,0.049772814,0.030065501,0.08880682,0.11774044,0.061571393,0.049993433,0.033997733,0.09194972,0.023609724,0.029578876,0.18312818,0.16965196,0.043272935,0.026860515
2020-06-22,0.043780413,0.020005634,0.067728505,0.08055738,0.070210405,0.041881572,0.037007604,0.09262221,0.021097647,0.04985573,0.36892477,0.05752591,0.032957703,0.015844539
2020-06-29,0.035311304,0.022531869,0.06598327,0.09129175,0.14210033,0.036963787,0.117082514,0.11376528,0.028903209,0.07372505,0.18326673,0.0389269,0.030324813,0.019823229
2020-07-06,0.023968259,0.02564175,0.07477641,0.07227592,0.37117594,0.03233052,0.040971804,0.080541864,0.031466212,0.044028893,0.1193582,0.033368222,0.027672479,0.022423485
2020-07-13,0.03399102,0.0254304,0.07212253,0.07760495,0.08522282,0.033418123,0.055683456,0.09252312,0.024539152,0.05010443,0.34044287,0.0661065,0.023415118,0.019395556
2020-07-20,0.035320945,0.06950244,0.078224435,0.079093955,0.1827002,0.05344126,0.04927455,0.09871069,0.021797594,0.02878919,0.18696779,0.057546843,0.043389406,0.015240694
2020-07-27,0.026819546,0.025406538,0.07043763,0.08114123,0.07180059,0.04708488,0.27417034,0.09203354,0.017844956,0.026234588,0.15958647,0.033270758,0.047896057,0.026272818
2020-08-03,0.043738343,0.020852912,0.08345664,0.08646444,0.05926316,0.054286,0.031382896,0.30856007,0.010779495,0.032187298,0.17809366,0.038714416,0.042137846,0.010082808
2020-08-10,0.030909207,0.10409972,0.12203554,0.07856004,0.07811309,0.038666997,0.045576625,0.08723648,0.020095319,0.017345455,0.2754245,0.027529249,0.039596967,0.03481077
2020-08-17,0.029517664,0.031474765,0.074943356,0.22330244,0.054040257,0.05659541,0.049678396,0.11561166,0.01842368,0.037879545,0.1859598,0.051463615,0.046930294,0.024179071
2020-08-24,0.029725902,0.016955342,0.25061765,0.106445074,0.06926986,0.042488683,0.03285034,0.09142164,0.023812456,0.040446915,0.14281625,0.056777894,0.075498044,0.020873955
2020-08-31,0.035180163,0.027169026,0.04690877,0.11116816,0.060071006,0.04841051,0.01573355,0.12745026,0.019882208,0.22672802,0.1549963,0.060867574,0.044528257,0.020906173
2020-09-07,0.031927094,0.023486875,0.08365669,0.091656074,0.10153691,0.04863374,0.029704401,0.08567904,0.017639706,0.058578264,0.16021822,0.05467616,0.20036177,0.012245047
2020-09-14,0.031973813,0.16644041,0.06066566,0.08357228,0.07098268,0.0790869,0.030916112,0.1337003,0.017257867,0.039178852,0.13238741,0.047486912,0.074454464,0.031896368
2020-09-21,0.027884021,0.023312373,0.09770973,0.08511734,0.07274276,0.044081375,0.03535775,0.08796137,0.01799009,0.13865349,0.2127913,0.047973048,0.085602805,0.02282255
2020-09-28,0.028401488,0.025910407,0.08180202,0.08171347,0.1391912,0.068427004,0.031079719,0.1642778,0.02227368,0.04673785,0.17260848,0.051232673,0.060620036,0.025724161
2020-10-05,0.03177484,0.024041075,0.08647067,0.19055918,0.083574876,0.07638303,0.026032522,0.10164749,0.026586803,0.042312216,0.1582941,0.047796164,0.083683774,0.020843264
2020-10-12,0.029753176,0.026324114,0.06699306,0.071171954,0.07936066,0.05028716,0.05277761,0.102190174,0.016305795,0.019722242,0.39735776,0.026765358,0.038534474,0.022456413
2020-10-19,0.021119429,0.028133605,0.08478846,0.067007184,0.089196436,0.13020757,0.045232147,0.102915145,0.03059705,0.03230429,0.22496977,0.038910035,0.08738217,0.01723667
2020-10-26,0.035998054,0.018315272,0.06879592,0.07477075,0.07655257,0.049164463,0.18375494,0.0998652,0.024451157,0.04097831,0.24094804,0.025967782,0.041363478,0.019074045
2020-11-02,0.034505013,0.013351566,0.06883844,0.0699545,0.28261042,0.02743275,0.04178962,0.11506622,0.023354542,0.046191115,0.16278933,0.034696836,0.05093937,0.028480284
2020-11-09,0.023297152,0.017440585,0.08510915,0.0703867,0.11247793,0.036083546,0.028587438,0.10904337,0.025808528,0.16297638,0.19638693,0.035123825,0.066625535,0.030652912
2020-11-16,0.02535253,0.022792473,0.060936242,0.069149636,0.12008524,0.04439906,0.04876555,0.20415972,0.019787747,0.043584738,0.20948605,0.039813895,0.058715113,0.032972045
2020-11-23,0.03458069,0.04228205,0.08104433,0.0835125,0.1447106,0.04493228,0.04773078,0.08812977,0.018462848,0.08046139,0.20851752,0.052897792,0.055084072,0.017653355
2020-11-30,0.0510152,0.0126020145,0.063035786,0.0889266,0.11669318,0.042187255,0.04566689,0.12558846,0.034340855,0.0453304,0.27080807,0.03801721,0.042301245,0.023486868
2020-12-07,0.032901812,0.027356006,0.06542858,0.077849716,0.09439672,0.06382838,0.04364005,0.14993995,0.030540895,0.015246687,0.31076846,0.028599745,0.035804622,0.023698365
2020-12-14,0.028669799,0.026132418,0.08416067,0.07261624,0.12177842,0.05134529,0.047233492,0.123280525,0.024118772,0.03140214,0.27785867,0.044078182,0.04540142,0.021923939
2020-12-21,0.042582717,0.01586181,0.08379167,0.080184735,0.08742184,0.046964653,0.023759024,0.09134457,0.027349891,0.039433297,0.35716262,0.03810518,0.050911702,0.015126344
2020-12-28,0.02262794,0.0122923935,0.08891845,0.061667502,0.10654065,0.039684754,0.027083304,0.07234293,0.011573369,0.072662555,0.40558654,0.02936938,0.039213207,0.010437037
2021-01-04,0.035208624,0.024817508,0.06456018,0.0704829,0.12697585,0.043936726,0.030559678,0.063456446,0.023319872,0.032257438,0.36618453,0.0312349,0.055957604,0.031047765
2021-01-11,0.02259906,0.03099551,0.062465545,0.059359472,0.06270847,0.050697807,0.038727064,0.09991918,0.025023688,0.026752057,0.44277412,0.031497303,0.025151435,0.02132926
2021-01-18,0.025423156,0.024857344,0.061178472,0.05775169,0.112127684,0.067103736,0.022150593,0.08081341,0.03230994,0.029027382,0.4000641,0.034754984,0.030176086,0.022261411
2021-02-08,0.037581187,0.027942471,0.07009896,0.06909076,0.079388656,0.047460474,0.036711294,0.08111455,0.026103636,0.03188575,0.40560275,0.020631569,0.044035226,0.022352751
2021-02-15,0.048169628,0.027256824,0.06272007,0.10139165,0.07564582,0.045808554,0.035486087,0.0941127,0.021754637,0.05505965,0.35721496,0.028339347,0.03299498,0.0140451
2021-02-22,0.042249847,0.035237946,0.056038536,0.08469557,0.07321016,0.065725185,0.0202721,0.098818384,0.01821402,0.044320133,0.35319358,0.03677513,0.0429872,0.02826219
2021-03-01,0.034330983,0.025959553,0.050162025,0.103784375,0.07579704,0.054153137,0.020437025,0.12843198,0.030633593,0.039544508,0.3229056,0.047747612,0.048861504,0.017251035
2021-03-08,0.029716292,0.04143398,0.07334586,0.07042084,0.10309112,0.0578055,0.04801012,0.09292376,0.018472703,0.03602121,0.30446202,0.0532692,0.042605236,0.028422141
2021-03-15,0.019216878,0.02271586,0.04219157,0.09120667,0.055552192,0.05467572,0.018142654,0.162299,0.02685284,0.041306812,0.34522822,0.04541115,0.057873275,0.01732717
2021-03-22,0.035365403,0.052568395,0.060074214,0.06975328,0.059487183,0.07892621,0.022046002,0.10896248,0.031879243,0.059880797,0.30262232,0.051714856,0.037425686,0.029293936
2021-03-29,0.02875487,0.0675481,0.062413294,0.09816396,0.08036893,0.047124434,0.030997531,0.08831968,0.043248706,0.049128715,0.3076928,0.026334679,0.052975416,0.01692888
2021-04-05,0.021979105,0.022115028,0.08129575,0.15310383,0.06689044,0.039920263,0.027295768,0.09074783,0.022743328,0.035327595,0.330494,0.052333467,0.04010742,0.01564618
2021-04-12,0.030882627,0.024591248,0.07969218,0.08804349,0.08763835,0.05217979,0.020830555,0.10661808,0.033454277,0.041967526,0.31241667,0.0432281,0.0670612,0.011395916
2021-04-19,0.03786182,0.029636187,0.0508439,0.08707146,0.0718049,0.06132271,0.03040351,0.1746023,0.034507625,0.028873818,0.25000182,0.066342115,0.052580263,0.024147535
2021-04-26,0.038404364,0.043777075,0.053510737,0.07646699,0.05576565,0.05534158,0.017263884,0.1207321,0.021528205,0.026194325,0.3688439,0.034601454,0.06645929,0.021110425
2021-05-03,0.027995257,0.022587946,0.057085708,0.07619234,0.07202924,0.08034178,0.02624052,0.11272786,0.048591558,0.048628334,0.32607844,0.028903069,0.033822052,0.038775843
2021-05-10,0.021580735,0.02827655,0.0663074,0.07550853,0.085816205,0.040200315,0.02107987,0.1401869,0.027676055,0.033284258,0.3245968,0.03819049,0.07135994,0.025935983
2021-05-17,0.026350433,0.020563813,0.08483106,0.1030769,0.06718531,0.053257756,0.024525518,0.10100053,0.01658848,0.082072906,0.2850439,0.039721,0.08073202,0.015050401
2021-05-24,0.02708003,0.028195156,0.06407427,0.11782156,0.059930287,0.057804637,0.04766882,0.10892919,0.021800525,0.021733243,0.3411965,0.033080302,0.053614233,0.017071206
2021-05-31,0.02332274,0.029929617,0.05254389,0.09987174,0.07288354,0.06738047,0.025566658,0.12510866,0.03471806,0.03219906,0.3243793,0.029328976,0.05446555,0.028301746
2021-06-07,0.05206047,0.020338131,0.060911085,0.07918571,0.08688846,0.07563968,0.019371897,0.13915622,0.04240755,0.045630112,0.27327514,0.03336963,0.04497638,0.026789563
2021-06-14,0.046340466,0.017449573,0.065009706,0.07899865,0.06705407,0.05274624,0.020826451,0.12339997,0.027955055,0.050950117,0.33882132,0.04265351,0.04718534,0.020609528
2021-06-21,0.030381553,0.030944597,0.0508453,0.087916486,0.068104185,0.074841,0.035251778,0.11614115,0.026732309,0.04388847,0.29402712,0.06379087,0.0579017,0.019233504
2021-06-28,0.036605354,0.046049107,0.058068145,0.08774897,0.08806315,0.038929902,0.052146584,0.09933431,0.033200614,0.03892522,0.31757832,0.044975206,0.04578972,0.012585378
2021-07-05,0.030190583,0.027897594,0.0508321,0.08875773,0.069367774,0.05647876,0.031756364,0.12603387,0.047976952,0.038124114,0.31041816,0.040583074,0.057524428,0.024058508
2021-07-12,0.03188692,0.036193103,0.065567404,0.08262689,0.075817905,0.08681455,0.035996024,0.12522458,0.025691925,0.04078735,0.27873686,0.042913474,0.046015404,0.025727633
2021-07-19,0.021717604,0.044065475,0.055590577,0.085877955,0.074645706,0.060246233,0.058295663,0.10211036,0.01892091,0.07386117,0.28645357,0.0512305,0.05190711,0.015077122
2021-07-26,0.02150339,0.025559615,0.07013162,0.0820009,0.075222805,0.04636281,0.037453443,0.14056627,0.02315813,0.04376249,0.29917684,0.064330675,0.054046083,0.016724892
2021-08-02,0.042984746,0.02544592,0.06214277,0.0944047,0.06928366,0.046695415,0.020520752,0.15332201,0.015489948,0.047729474,0.28733033,0.063581645,0.055583857,0.015484811
2021-08-09,0.026511157,0.022444686,0.07186684,0.11621277,0.08039353,0.04950963,0.025733268,0.11636465,0.02624741,0.021125546,0.3257065,0.0339618,0.06622,0.017702179
2021-08-16,0.029265659,0.024865264,0.05123989,0.09157533,0.051574036,0.07409578,0.056423627,0.14864902,0.031594895,0.03664023,0.26643732,0.05619988,0.058069974,0.02336909
2021-08-23,0.021314403,0.020417798,0.06926436,0.09841233,0.066861816,0.06981204,0.02625744,0.10608307,0.030016175,0.047176164,0.25338882,0.058194574,0.10343166,0.029369367
2021-08-30,0.031016538,0.019687455,0.06146869,0.10314638,0.062334333,0.082095146,0.0424417,0.12317347,0.02037419,0.043027062,0.2831226,0.033515684,0.06770393,0.026892798
2021-09-06,0.068967454,0.0181791,0.059127387,0.10005339,0.06386873,0.09449627,0.025112612,0.12047744,0.04545012,0.035911787,0.20882636,0.056985687,0.08083272,0.021710973
2021-09-13,0.027442534,0.041707464,0.043274067,0.084828444,0.06597391,0.04756016,0.026802931,0.1351807,0.032929756,0.031080341,0.30173224,0.06617661,0.045124955,0.050185908
2021-09-20,0.032485582,0.057898957,0.06549438,0.06376019,0.097873196,0.04597672,0.03987658,0.16129415,0.026859429,0.019630421,0.24752332,0.043518726,0.065510534,0.032297835
2021-09-27,0.03465586,0.033072475,0.060170446,0.08234709,0.060942397,0.038227897,0.02889057,0.1566048,0.039019536,0.06823902,0.23505491,0.043544088,0.08934685,0.029884048
2021-10-04,0.037155278,0.03828037,0.052922305,0.10621845,0.078979135,0.054424677,0.014943649,0.11783042,0.038244504,0.098081656,0.1840542,0.06950548,0.086447164,0.022912709
2021-10-11,0.03727385,0.03470546,0.048733026,0.08146642,0.060419865,0.065720126,0.026893564,0.10501325,0.03536987,0.102068946,0.28906912,0.044694368,0.041397493,0.027174646
2021-10-18,0.03761389,0.03317326,0.04123153,0.11178728,0.07795116,0.07457285,0.032356467,0.1380624,0.026416501,0.04025272,0.24180065,0.05029522,0.06949487,0.02499117
2021-10-25,0.04364894,0.019791985,0.04658548,0.06653886,0.086090244,0.10837432,0.039996285,0.13923892,0.020819865,0.029398238,0.27867144,0.037059836,0.062563986,0.021221643
2021-11-01,0.03553272,0.041827008,0.061394207,0.110485174,0.0936365,0.07208653,0.02971899,0.19983509,0.01809104,0.046391312,0.15281512,0.05711605,0.059778437,0.021291805
2021-11-08,0.034338053,0.041284993,0.06578007,0.09030376,0.09205933,0.047936924,0.029929485,0.117816254,0.036599964,0.037350323,0.27625868,0.044715893,0.052735034,0.032891218
2021-11-15,0.036075607,0.021446852,0.06112714,0.07050379,0.06248716,0.14029413,0.02807419,0.13506079,0.03712048,0.04010751,0.22316049,0.020396926,0.07222061,0.051924348
2021-11-22,0.029990483,0.030641241,0.041678082,0.094244786,0.08044052,0.05586543,0.03483575,0.11201801,0.02823448,0.10964327,0.2231897,0.08085045,0.038119722,0.04024804
2021-11-29,0.025885737,0.040399864,0.076120615,0.10781357,0.111358084,0.04076083,0.028320331,0.1003111,0.023905998,0.019509332,0.30585542,0.06266673,0.032538988,0.024553385
2021-12-06,0.029349878,0.028136363,0.07240041,0.07763465,0.07431578,0.049745545,0.024894087,0.16082756,0.026998373,0.029456684,0.27919057,0.05923707,0.074759655,0.01305336
2021-12-13,0.036086444,0.03154718,0.049902283,0.084893465,0.08624907,0.10955927,0.03861307,0.14506817,0.024202978,0.035108663,0.22194374,0.04321742,0.06582606,0.027782211
2021-12-20,0.025570188,0.038110036,0.048834745,0.10769531,0.07268888,0.058596306,0.046089232,0.13079076,0.044523492,0.034877203,0.24297383,0.06295812,0.05402646,0.032265488
2021-12-27,0.03352157,0.031143567,0.055042427,0.12826319,0.06538513,0.06406072,0.029334325,0.20586754,0.024404211,0.02542403,0.23448554,0.03806715,0.041028403,0.02397223
2022-01-03,0.028992904,0.027979799,0.03917282,0.11184825,0.07213509,0.08506065,0.03388595,0.122671135,0.02322447,0.030641736,0.2876453,0.05062174,0.048765544,0.037354667
2022-01-10,0.08765472,0.017155759,0.05065877,0.13534129,0.057900462,0.06650443,0.019764926,0.12639417,0.031682044,0.026958827,0.19981171,0.028045734,0.05571175,0.09641543
2022-01-17,0.03531345,0.031120755,0.051835664,0.13011354,0.08129919,0.059802536,0.045740325,0.11964315,0.024091402,0.028193353,0.263696,0.055320896,0.04631141,0.02751834
2022-01-24,0.040701024,0.020193046,0.045012712,0.060656894,0.07330727,0.03341581,0.03778261,0.3517701,0.021404589,0.027747631,0.19172116,0.032267164,0.057041813,0.006978155
2022-01-31,0.038567018,0.017401181,0.055052977,0.12602769,0.07460276,0.07470591,0.04138713,0.12116434,0.016004715,0.040529054,0.20526505,0.08557777,0.07111325,0.03260115
2022-02-07,0.021827033,0.02698614,0.06098722,0.084115416,0.06628038,0.062126305,0.040009502,0.12971541,0.028067341,0.036563836,0.29683247,0.043308146,0.06503377,0.03814703
2022-02-14,0.026616393,0.037684612,0.0481217,0.095835365,0.08093128,0.06868788,0.033026766,0.124878995,0.037506305,0.0404803,0.24653953,0.065069884,0.05399526,0.04062577
2022-02-21,0.02080917,0.036760785,0.05496126,0.06860026,0.08494412,0.08201209,0.045919493,0.10992905,0.017152311,0.026667455,0.31912938,0.050105147,0.05168473,0.03132476
2022-02-28,0.041339178,0.033529192,0.07327446,0.10461789,0.08262771,0.05440454,0.029673737,0.1712984,0.032018624,0.036750987,0.19151945,0.055226814,0.06391214,0.029806836
2022-03-07,0.030409914,0.030634638,0.06541662,0.10562172,0.05111745,0.057593986,0.041501634,0.12333029,0.032797698,0.02912556,0.2099248,0.039564118,0.15664181,0.02631975
2022-03-14,0.07088576,0.0326179,0.067353666,0.11434707,0.08074837,0.07285685,0.06427804,0.11694318,0.017590327,0.021763677,0.19269395,0.06233548,0.05628781,0.029297896
2022-03-21,0.14210017,0.024113895,0.0652717,0.10083843,0.05635492,0.09736443,0.02070858,0.09622584,0.027100269,0.04022037,0.17543995,0.043199856,0.07941794,0.031643666
2022-03-28,0.04792013,0.044350997,0.047471423,0.10993965,0.054510456,0.11183461,0.052940752,0.13691574,0.026259964,0.030210389,0.19762008,0.03874734,0.07622088,0.02505755
2022-04-04,0.046032883,0.02865917,0.041051626,0.09486543,0.08479592,0.09133382,0.036597833,0.11899723,0.03305097,0.05112144,0.20802523,0.056610264,0.075820215,0.033037983
2022-04-11,0.059898086,0.037827827,0.047625087,0.08368182,0.08857702,0.06822329,0.044693306,0.15544882,0.031904906,0.0646742,0.17431527,0.054298047,0.049534585,0.03929773
2022-04-18,0.038225938,0.02671593,0.044743367,0.07004888,0.052768063,0.08731744,0.033445854,0.14936203,0.025923962,0.06766695,0.27537802,0.03693407,0.06663819,0.024831371
2022-04-25,0.0388079,0.022480477,0.07345181,0.07033527,0.072825015,0.11658334,0.04074311,0.14972082,0.026390687,0.038003087,0.16589862,0.04869578,0.10974929,0.026314829
2022-05-02,0.041381516,0.015484393,0.08133712,0.0923186,0.058547076,0.12647265,0.047492664,0.13695829,0.03593057,0.04338603,0.19219115,0.047866922,0.05461233,0.026020678
2022-05-09,0.052112576,0.036782216,0.0854999,0.11092443,0.07238807,0.07352991,0.041674882,0.12871818,0.028207902,0.028113594,0.17939235,0.06513256,0.06800201,0.02952138
2022-05-16,0.028962728,0.028386708,0.067143805,0.08290635,0.08350709,0.06897122,0.042139623,0.18886888,0.03299757,0.019058904,0.23816176,0.0542806,0.043139827,0.021474928
2022-05-23,0.036752507,0.033573948,0.046703123,0.08335721,0.08870968,0.07707593,0.03748419,0.19919272,0.017370857,0.030896248,0.19835077,0.070523426,0.059029546,0.020979831
2022-05-30,0.03416744,0.029774725,0.058692507,0.09182574,0.09552938,0.13519032,0.03859121,0.18069775,0.024106963,0.031168936,0.14264163,0.05441576,0.06226922,0.020928409
2022-06-06,0.038104277,0.040208783,0.065164186,0.091899686,0.10879047,0.064859256,0.027930588,0.16384846,0.030378373,0.033845115,0.19013032,0.05247634,0.057655856,0.03470826
2022-06-13,0.03480645,0.042215925,0.07851417,0.11098501,0.058862817,0.07807976,0.040495973,0.14910495,0.02395377,0.02585528,0.21212687,0.056915734,0.065588266,0.022495033
2022-06-20,0.027541887,0.05051143,0.048619583,0.10572029,0.0745096,0.09687921,0.02201337,0.18187965,0.035104945,0.019155191,0.1945107,0.051887523,0.061567154,0.030099418
2022-06-27,0.039456856,0.027461026,0.037263803,0.10645802,0.06368688,0.0724398,0.04426354,0.13736175,0.03905969,0.032450996,0.21060187,0.07198752,0.076800585,0.040707663
2022-07-04,0.027804647,0.06328826,0.05770294,0.10577458,0.071377754,0.060121305,0.032792337,0.12804033,0.035719443,0.04215758,0.20718448,0.06351953,0.07168009,0.03283671
2022-07-11,0.036132433,0.053358674,0.06866359,0.07967215,0.06575244,0.118549615,0.01961237,0.14206633,0.042026713,0.033662826,0.16066165,0.06464171,0.074652545,0.0405469
2022-07-18,0.03084157,0.040647242,0.046845954,0.08105806,0.06736377,0.09049873,0.047295943,0.1598802,0.03326731,0.044586178,0.18579026,0.074440636,0.0684937,0.028990405
2022-07-25,0.04703785,0.030670246,0.041235585,0.08895792,0.10335696,0.07258696,0.051665254,0.14094159,0.029114248,0.024346644,0.15580642,0.0787572,0.10268933,0.032833755
2022-08-01,0.032485444,0.030528095,0.080172196,0.101551816,0.07062271,0.091132544,0.023916688,0.17263529,0.01644866,0.053777136,0.13196933,0.06888231,0.09139472,0.034483083
2022-08-08,0.044733413,0.021700596,0.068414465,0.0660703,0.06508091,0.0688573,0.03131823,0.18681481,0.0296198,0.062491752,0.1684359,0.07432032,0.083414,0.028728232
2022-08-15,0.03313272,0.028092047,0.06941543,0.09423672,0.059688732,0.07336076,0.049801365,0.16502547,0.023721095,0.052469216,0.19956483,0.06725608,0.06016465,0.024070911
2022-08-22,0.028994303,0.043943107,0.046339363,0.075534396,0.07242804,0.07661264,0.038036097,0.22419545,0.026658295,0.043970484,0.18827279,0.051317014,0.047281887,0.036416184
2022-08-29,0.026432073,0.0252219,0.04281403,0.09568861,0.07705514,0.067840226,0.049033873,0.19499108,0.01840401,0.029713288,0.23982537,0.053802762,0.04596778,0.033209838
2022-09-05,0.037617613,0.020566175,0.061073728,0.10634783,0.065810435,0.07543963,0.03533556,0.16037431,0.031335536,0.05391558,0.18877469,0.07982373,0.058446664,0.025138501
2022-09-12,0.032024045,0.033594534,0.05617232,0.083557114,0.07375157,0.11087491,0.04665696,0.14780298,0.022720734,0.03462954,0.18666853,0.06950632,0.06550352,0.036536947
2022-09-19,0.028129207,0.037253216,0.05751781,0.09672768,0.068933554,0.09232113,0.029460957,0.17798461,0.026037531,0.035509657,0.21343307,0.057780705,0.055794593,0.023116278
2022-09-26,0.0352629,0.036730636,0.067606546,0.09214544,0.08356261,0.12243496,0.024285857,0.16232464,0.024633108,0.037513595,0.16297102,0.057087198,0.062266055,0.031175384
2022-10-03,0.101197876,0.031161979,0.05680624,0.08627347,0.067908905,0.09559688,0.0452869,0.1401098,0.01932994,0.05824492,0.14128712,0.05416437,0.08084338,0.02178824
2022-10-10,0.048725054,0.03496535,0.081663735,0.079348244,0.116708174,0.08151162,0.042982034,0.1440506,0.042808864,0.049154583,0.14181155,0.04791183,0.048006147,0.040352266
2022-10-17,0.03664551,0.029876858,0.10858435,0.085843526,0.07912034,0.118285626,0.040729634,0.135505,0.036182716,0.03065591,0.14618577,0.046847966,0.067387104,0.038149647
2022-10-24,0.039056003,0.033521563,0.055379577,0.08800411,0.087867774,0.08399985,0.03396493,0.19503368,0.04338287,0.044314284,0.13624679,0.062400226,0.064322464,0.03250593
2022-10-31,0.0417813,0.028397828,0.05278494,0.0808422,0.08753013,0.078724645,0.029562587,0.21282761,0.030165467,0.036612283,0.18816826,0.04392991,0.050349455,0.038323402
2022-11-07,0.04273108,0.027373955,0.051734652,0.07863422,0.053577356,0.14105627,0.04469072,0.19832975,0.02495807,0.03759958,0.13258226,0.06676346,0.07501094,0.024957666
2022-11-14,0.04088407,0.033328045,0.05078179,0.06164142,0.07955146,0.092043296,0.033651013,0.26750213,0.02582136,0.02849902,0.13791662,0.05644091,0.045047212,0.046891667
2022-11-21,0.051532682,0.037975293,0.033406906,0.07129415,0.06583429,0.087852105,0.023706546,0.18164262,0.025358688,0.025594575,0.21127819,0.0783302,0.052551035,0.05364272
2022-11-28,0.036416356,0.03650758,0.05229428,0.086437106,0.091640435,0.091760695,0.032936778,0.18104729,0.024269892,0.03231537,0.122969694,0.076923326,0.08816336,0.04631787
2022-12-05,0.043384455,0.026872689,0.047303084,0.10871287,0.058890138,0.16621305,0.019182464,0.15099317,0.022007843,0.04039128,0.12855367,0.0653353,0.08096351,0.0411965
2022-12-12,0.044427134,0.026061127,0.052155565,0.069248155,0.07794392,0.07560074,0.017865114,0.1721029,0.013987519,0.021118417,0.16835457,0.076013856,0.0812542,0.1038668
2022-12-19,0.03160497,0.037762955,0.04923417,0.07233801,0.07087947,0.095901914,0.022734936,0.14749852,0.016867187,0.035948973,0.13738587,0.06863514,0.058673255,0.15453465
2022-12-26,0.029638207,0.027739903,0.047025282,0.084309086,0.06674511,0.08935673,0.052033544,0.14167821,0.02924149,0.032460365,0.28189316,0.034438,0.04593443,0.037506457
2023-01-02,0.025456393,0.038482126,0.056626715,0.07909614,0.06952224,0.07484403,0.023754716,0.26351377,0.03164467,0.054525957,0.13384794,0.048286133,0.058558438,0.04184072
2023-01-09,0.039833236,0.031002197,0.03970426,0.06610168,0.05358167,0.07753146,0.020161476,0.19252919,0.06137381,0.12890519,0.118498564,0.057989534,0.05024113,0.06254661
2023-01-16,0.02981083,0.028397262,0.03957625,0.069138944,0.06347725,0.15752284,0.029598054,0.14118284,0.029310169,0.04034155,0.21196285,0.06016237,0.06686142,0.032657392
2023-01-23,0.028607132,0.020517904,0.039867405,0.097146116,0.051604226,0.16995789,0.024569275,0.24076395,0.021132309,0.029391639,0.12905368,0.046903323,0.07272523,0.027759891
2023-01-30,0.049722176,0.030852403,0.038714923,0.074662425,0.07332411,0.22146805,0.019242402,0.15483215,0.02657152,0.031109728,0.141875,0.045050062,0.060970183,0.031604834
2023-02-06,0.033611253,0.04331489,0.047488667,0.077771045,0.04882739,0.13467209,0.01605,0.24158452,0.024064092,0.027222708,0.17232797,0.03829002,0.062392995,0.03238236
2023-02-13,0.03951565,0.025875123,0.040953383,0.058572862,0.06845408,0.19249949,0.023954876,0.19982995,0.030542737,0.023149578,0.15327236,0.050514955,0.0620458,0.030819146
2023-02-20,0.13693711,0.030410917,0.04881212,0.08435676,0.055068754,0.17194849,0.019901693,0.1218924,0.018386096,0.027538775,0.118834585,0.05310392,0.07296045,0.039847925
2023-02-27,0.0368327,0.02856273,0.05123176,0.07974497,0.08496237,0.15443724,0.037652615,0.15701762,0.02383215,0.026522856,0.18017562,0.041791193,0.06098891,0.03624724
2023-03-06,0.020691365,0.138175,0.04852591,0.07398666,0.06848578,0.13508478,0.028012237,0.1356307,0.0216934,0.05912198,0.1270585,0.04995058,0.060721967,0.032861162
2023-03-13,0.033889335,0.040936075,0.053134646,0.10578408,0.06740704,0.19747457,0.04070087,0.13424776,0.023316093,0.035138465,0.12637176,0.050316226,0.062025473,0.02925756
